{
  "BLEU-1": 0.2857497781721384,
  "BLEU-2": 0.15300618368155675,
  "BLEU-3": 0.08669663973672391,
  "BLEU-4": 0.0491256320378499,
  "METEOR": 0.0,
  "ROUGE-1": 0.3080475297066721,
  "ROUGE-2": 0.08933115863948626,
  "ROUGE-L": 0.2862389894805266
}