{
  "BLEU-1": 0.2851691988950276,
  "BLEU-2": 0.15338512893145287,
  "BLEU-3": 0.08807931225422418,
  "BLEU-4": 0.049349552808334515,
  "METEOR": 0.0,
  "ROUGE-1": 0.3108681048250779,
  "ROUGE-2": 0.09156793602037817,
  "ROUGE-L": 0.2869435306320625
}